{"feature_cols": ["pH", "temperature_C", "turbidity_NTU", "color_PtCo", "tds_mg_L", "tss_mg_L", "bod5_mg_L", "cod_mg_L", "free_chlorine_mg_L", "total_coliform_CFU_100mL", "hardness_mg_L_as_CaCO3", "chloride_mg_L", "sulfate_mg_L", "silica_mg_L", "iron_mg_L", "manganese_mg_L", "oil_and_grease_mg_L", "electrical_conductivity_uS_cm"], "industries": ["cooling_once_through", "cooling_recirculating_towers", "boiler_makeup_refinery_feed", "pulp_paper_chemical_unbleached", "pulp_paper_bleached", "chemical_manufacturing_process", "petrochemical_coal_process", "textiles_sizing_suspension", "textiles_scouring_bleach_dye", "cement_concrete_aggregate_wash"], "scaler": {"mean": [7.5564082207871905, 30.275869211039495, 12.081873813288647, 33.52790906569291, 688.8007197513823, 12.272914460864733, 8.960127766266433, 27.0021926120986, 0.24833504193025205, 200.39786811031163, 162.19107530577173, 141.59334637827882, 122.97448771169707, 44.75814828496215, 0.2671743285794266, 0.06152125221433961, 3.2789808295362164, 1058.128699655888], "scale": [0.9400566270853442, 8.988443508265663, 21.586138453881276, 39.13919025164417, 787.273571223501, 21.947795428565765, 11.594923625212928, 33.96905845896728, 0.287220195617208, 285.94481450079525, 194.94235321421064, 186.7452589803458, 144.143398855698, 48.579234682937646, 0.41922121272410434, 0.10222331465410987, 4.567660919083928, 1141.6566095715618]}, "models": [{"industry": "cooling_once_through", "coef": [-0.6656993728719476, -0.48098431093186395, -0.29278693308998455, -0.9625344479509879, -0.05093004938672306, -0.2675142872184583, -0.19996032725832805, -0.34760879852783133, 0.13094220282916644, -0.06432895814955578, 0.007357685856462405, 0.04357916022434453, 0.11102858512680759, 0.06566444381258123, -0.1421479687422461, -0.1935718048155094, -0.29669873391271984, -0.09090220147466944], "intercept": 0.032932661066696234, "threshold": 0.5}, {"industry": "cooling_recirculating_towers", "coef": [-0.6524514876987517, -0.9110577327442919, -0.9303684979442328, -0.2669874390542139, 0.08828818750489581, -0.9841526094164186, -0.8864904753896005, -0.8553761041429386, -0.014610727462107237, -0.7250714659905925, 0.2925285527256556, -0.250930078357503, -0.01635377820779541, 0.12434653047175336, -0.6059418487703209, -0.05805163966603138, -0.33763652065203154, 0.12076744043493136], "intercept": -1.6663292281730193, "threshold": 0.5}, {"industry": "boiler_makeup_refinery_feed", "coef": [0.497292102038434, -0.7561564435876003, -4.063609775745108, -4.039191787753939, -5.887665294820491, -3.56313442593654, -1.1900368639918033, -0.5188261388459572, -1.114497261739574, -4.926475085808769, -4.4764217726207916, -4.4393002634213765, -4.525703676221847, -4.438429373145369, -2.6371900190493043, -1.8500696352981203, -3.1159236588363783, -5.168501547599503], "intercept": -38.769699530392806, "threshold": 0.5}, {"industry": "pulp_paper_chemical_unbleached", "coef": [-1.0318030382921426, -0.09476160068707633, -0.3336315814965712, 0.23434263387665577, -0.006995673111347568, -0.329061397110007, -0.17438825271419817, -0.20443209098788317, -0.1764621251677223, -0.11203058291999107, -0.3965006285496275, -0.6122464561076719, -0.2282235329015619, 0.009362693138348104, -0.35559224362883646, -0.3979552366880004, -0.05797765667376329, -0.031832810973600446], "intercept": -0.34901839996471784, "threshold": 0.5}, {"industry": "pulp_paper_bleached", "coef": [-1.4466376616180383, 0.027989836832872775, -0.7455995051163156, -0.13016376058507045, -0.2448480856748385, -0.8082030078978791, -0.6887704782357579, -0.7523996262538508, 0.07492060117722114, -0.47214283079136027, -0.5013700112366926, -0.6501986816258511, -0.40634797288560154, -0.7552362975756484, -0.38331230630090674, -0.9934150457238251, -0.1333193425231307, -0.2292050935473273], "intercept": -2.4775261815433938, "threshold": 0.5}, {"industry": "chemical_manufacturing_process", "coef": [-1.293267705154052, -0.15675375788234944, -2.120058352206482, -0.8693766319967955, -0.967942294932113, -2.3159744229554233, -2.229022761572283, -1.1392815611974003, -0.9847292589547818, -1.3314671942293699, 0.349622711430619, -0.7024091590492977, -0.536724131086349, 0.10227501898100361, -0.4896388855193524, -0.11847446442484366, -1.4839746268469176, -0.2771562814599557], "intercept": -6.269393008717105, "threshold": 0.5}, {"industry": "petrochemical_coal_process", "coef": [-0.6800778870439845, -0.1469006503207842, -1.311343463454285, -0.4016916333575326, -0.07833325514045304, -1.2952749661462997, -0.4274122582523359, -0.39214971233360313, -0.07530112679948955, -0.8550112050420998, -0.3276282579194211, -0.060577820970896146, -0.15264771983616468, -0.02959973443733489, -0.1256432963222452, -0.33609164170868405, -0.5668936363315906, -0.4961933041550722], "intercept": -1.5393078946341276, "threshold": 0.5}, {"industry": "textiles_sizing_suspension", "coef": [-1.0324126467858195, -0.18613386183795227, -0.6031902430933048, 0.14403633036665012, 0.010709275507705446, -0.666577382020928, -0.21517650635991697, -0.23549060344180933, -0.06790843921201384, -0.18814858906065268, -0.31327673988206756, -0.5846584596311826, -0.15649363178284076, 0.050154051600921415, -0.26111253441781673, -0.37200428535359814, -0.7001081465157827, -0.02296686262127504], "intercept": -0.7329832089199843, "threshold": 0.5}, {"industry": "textiles_scouring_bleach_dye", "coef": [-0.7667672116945874, 0.08744152498653285, -0.6714320674135107, -0.07853672486409305, -0.2564430978247266, -0.6050572932454338, -0.6430897031367468, -0.6774926271353029, 0.08527137377111879, -0.4223852035635423, 0.09016516188698825, -0.5554710214147611, -0.3989086016608166, -0.06220552632994766, -0.30334808848953587, -0.9222704464521457, -2.6304830407163986, -0.2225871051504572], "intercept": -2.6779612308629193, "threshold": 0.5}, {"industry": "cement_concrete_aggregate_wash", "coef": [-0.6684564916424021, -0.4238399600207914, -0.10649632899787097, -0.008697861723794104, 0.0618937487850504, -0.056243059485072716, -0.07956365735613383, -0.09146816256166085, -0.04304656861725805, -0.08973124690902115, 0.06343254992913262, 0.017950540356534313, -0.021864153143691768, -0.06715520206551964, -0.044150405290901855, -0.10449206545956871, -0.03468560063830249, -0.046404852507377435], "intercept": 0.26330128888761595, "threshold": 0.5}]}